last_name,first_name,passport_num,email,phone
Иванов,Алексей,7700112233,ivanov@mail.ru,+79161234567
Петрова,Мария,7701223344,petrova@gmail.com,+79267654321
Сидоров,Дмитрий,7702334455,sidorov@yandex.ru,+79031112233
Козлова,Анна,7703445566,kozlova@mail.ru,+79174445566
Новиков,Сергей,7704556677,novikov@gmail.com,+79265556677
Морозов,Павел,7705667788,morozov@mail.ru,+79036667788
Волкова,Екатерина,7706778899,volkova@yandex.ru,+79177778899
Лебедев,Игорь,7707889900,lebedev@gmail.com,+79268889900
Смирнова,Ольга,7708990011,smirnova@mail.ru,+79039990011
Федоров,Андрей,7709001122,fedorov@yandex.ru,+79170001122
Захаров,Николай,7710112233,zaharov@mail.ru,+79261112233
Орлова,Наталья,7711223344,orlova@gmail.com,+79032223344
Макаров,Виктор,7712334455,makarov@mail.ru,+79173334455
Павлова,Светлана,7713445566,pavlova@yandex.ru,+79264445566
Тихонов,Евгений,7714556677,tihonov@gmail.com,+79035556677
